id;age;sex;race;height;sugar-level
1;38;F;Caucasian;159;low
2;17;F;Asian;175;low
3;40;F;African-American;162;medium
4;32;F;Indian;183;high
5;18;F;Indian;193;low
6;45;F;Caucasian;159;low
7;20;F;Pacific Islander;186;medium
8;37;F;Pacific Islander;198;high
9;36;F;Caucasian;198;low
10;42;F;Asian;159;low
11;21;F;African-American;168;low
12;29;F;Indian;166;medium
13;40;M;Indian;196;medium
14;15;M;Caucasian;155;medium
15;20;F;Pacific Islander;166;medium
16;44;F;Pacific Islander;154;medium
17;28;F;Caucasian;151;high
18;22;M;Asian;155;high
19;41;F;African-American;178;low
20;18;F;Indian;164;low
21;36;M;Indian;186;medium
22;23;M;Caucasian;163;high
23;16;F;Pacific Islander;173;low
24;22;F;Pacific Islander;172;low
25;45;F;Caucasian;165;medium
26;26;F;Asian;178;high
27;44;M;African-American;166;low
28;45;M;Indian;174;low
29;28;M;Indian;185;low
30;32;M;Caucasian;194;medium
31;29;M;Pacific Islander;186;medium
32;18;M;Pacific Islander;187;medium
33;15;F;Caucasian;198;medium
34;20;M;Asian;152;medium
35;15;F;African-American;186;high
36;31;F;Indian;185;high
37;15;M;Indian;199;low
38;43;M;Caucasian;164;low
39;17;M;Pacific Islander;175;medium
40;43;M;Pacific Islander;162;high
41;32;M;Hispanic/Latino;185;low
42;24;M;Hispanic/Latino;175;low
43;25;F;Hispanic/Latino;191;medium
44;17;M;Hispanic/Latino;150;high
45;18;F;Hispanic/Latino;164;low
46;31;M;Hispanic/Latino;191;low
47;41;M;Hispanic/Latino;165;low
48;26;M;Hispanic/Latino;197;medium
49;20;F;Hispanic/Latino;170;medium
50;41;F;Hispanic/Latino;150;medium
51;28;F;Hispanic/Latino;158;medium
52;27;F;Caucasian;167;medium
53;20;M;Asian;168;high
54;33;M;African-American;185;high
55;40;F;Indian;150;low
56;18;M;Indian;198;low
57;20;F;Caucasian;196;medium
58;19;F;Pacific Islander;167;high
59;36;M;Pacific Islander;200;low
60;21;M;Caucasian;198;low
61;19;M;Asian;170;medium
62;15;M;African-American;159;high
63;41;M;Indian;182;low
64;30;F;Indian;189;low
65;23;F;Caucasian;168;low
66;21;M;Pacific Islander;165;medium
67;25;M;Pacific Islander;189;medium
68;29;M;Caucasian;181;medium
69;17;M;Asian;158;medium
70;34;F;African-American;154;medium
71;41;M;Indian;185;high
72;22;F;Indian;191;high
73;36;M;Caucasian;174;low
74;32;F;Pacific Islander;187;low
75;25;M;Pacific Islander;193;medium
76;43;F;Caucasian;195;high
77;15;F;Asian;179;low
78;32;F;African-American;171;low
79;26;M;Indian;179;medium
80;32;F;Indian;198;high
81;40;M;Caucasian;180;low
82;32;M;Pacific Islander;195;low
83;17;F;Pacific Islander;168;low
84;37;M;Caucasian;159;medium
85;17;M;Asian;175;medium
86;34;M;African-American;195;medium
87;24;F;Indian;191;medium
88;41;M;Indian;189;medium
89;29;F;Caucasian;170;high
90;29;M;Pacific Islander;160;high
91;18;M;Pacific Islander;184;low
92;38;M;Hispanic/Latino;152;low
93;34;M;Hispanic/Latino;200;medium
94;28;F;Hispanic/Latino;150;high
95;30;M;Hispanic/Latino;175;low
96;16;F;Hispanic/Latino;151;low
97;21;F;Hispanic/Latino;184;medium
98;29;F;Hispanic/Latino;160;high
99;25;M;Hispanic/Latino;166;low
100;17;F;Hispanic/Latino;150;low
101;32;M;Hispanic/Latino;168;low
102;29;M;Hispanic/Latino;155;medium
103;18;M;Caucasian;176;medium
104;15;F;Asian;172;medium
105;20;M;African-American;191;medium
106;15;F;Indian;178;medium
107;31;F;Indian;178;high
108;15;M;Caucasian;179;high
109;43;M;Pacific Islander;178;low
110;17;M;Pacific Islander;159;low
111;43;M;Caucasian;194;medium
112;32;M;Asian;152;high
113;24;M;African-American;150;low
114;25;F;Indian;178;low
115;17;M;Indian;189;medium
116;18;F;Caucasian;164;high
117;31;M;Pacific Islander;193;low
118;41;M;Pacific Islander;162;low
119;26;M;Caucasian;185;low
120;20;F;Asian;177;medium
121;41;F;African-American;150;medium
122;28;F;Indian;171;medium
123;27;F;Indian;195;medium
124;20;M;Caucasian;172;medium
125;33;M;Pacific Islander;155;high
126;40;F;Pacific Islander;168;high
127;18;M;Caucasian;171;low
128;20;F;Asian;155;low
129;19;F;African-American;189;medium
130;36;M;Indian;190;high
131;21;M;Indian;190;low
132;19;M;Caucasian;150;low
133;15;M;Pacific Islander;180;medium
134;41;M;Pacific Islander;161;high
135;30;F;Caucasian;175;low
136;23;F;Asian;172;low
137;21;M;African-American;182;low
138;25;M;Indian;156;medium
139;29;M;Indian;151;medium
140;17;M;Caucasian;191;medium
141;34;F;Pacific Islander;200;medium
142;41;M;Pacific Islander;186;medium
143;22;F;Hispanic/Latino;186;high
144;36;M;Hispanic/Latino;158;high
145;32;F;Hispanic/Latino;177;low
146;25;M;Hispanic/Latino;198;low
147;43;M;Hispanic/Latino;192;medium
148;15;M;Hispanic/Latino;163;high
149;32;M;Hispanic/Latino;165;low
150;26;M;Hispanic/Latino;152;low